governorate_id,city_name_ar,city_name_en,latitude,longitude,
1,القاهرة,Cairo,30.0443879,31.2357257,
1,الشروق,El Shorouk,30.1488541,31.6295623,
1,عابدين,Abdin,30.044988,31.2488627,
1,بولاق,Boulak,30.0591855,31.2341778,
1,منشية ناصر,Manshiet Naser,30.0363319,31.2763286,
1,روض الفرج,Rod El-Farag,30.0732299,31.2363328,
1,السبتية,Al-Sabtiyya,30.0648978,31.2298942,
1,مصر القديمة,Masr Al-Qadima,30.0072008,31.229366,
1,السيدة زينب,Al-Sayyida Zeinab,30.0273241,31.2404117,
1,الغورية,El-Ghuriyya,30.0452852,31.2601925,
1,الظاهر,Al-Zaher,30.0639735,31.2594293,
1,القاهرة الإسلامية,Islamic Cairo,30.0487472,31.2637754,
1,الخامس عشر من مايو,Fifteenth Of May,29.8320418,31.3647679,
1,بدر,Badr,30.142806,31.742824,
1,الوايلى,El-Waily,30.0668177,31.2760789,
1,حدائق حلوان,Hadayek helwan,29.8968261,31.3009298,
1,وادي حوف,Wadi Hof,29.8827544,31.3053071,
1,المعصرة,Al-Maasara,29.9091281,31.2912838,
1,مدينتي,Madinaty,30.0916925,31.6238026,
1,عين الصيرة,Ain El Sira,30.0139077,31.2450787,
1,عباسية,Abbasseya,30.0712082,31.2763653,
1,السكاكينى,El Sakakini,30.0634925,31.2677107,
1,الدمرداش,El-Demerdash,30.0801775,31.2805525,
1,الشرابية,El-Sharrabeya,30.079173,31.2639339,
1,الحلمية,Al-Helmeya,30.1125623,31.3342801,
1,حدائق الزيتون,Hadayeq Al-Zaitoun,30.1137865,31.3334645,
1,الزيتون,Al-Zaitoun,30.0998365,31.3082194,
1,عين شمس,Ain Shams,30.1304761,31.3167491,
1,الموسكى,Al-Mosky,30.0503528,31.253695,
1,الأزبكية,Al-Azbakeya,30.0538891,31.2454725,
1,الجمالية,El-Gamaliyya,30.0518089,31.2648529,
1,باب الشعرية,Bab Al-Shaaria,30.0584951,31.2552829,
1,الحلمية القديمة,El-Darb El-Ahmar,30.0421731,31.2620473,
1,الخليفة,El-Khaleefa,30.0113183,31.2647255,
1,قباء,Qebaa,30.14001,31.3856254,
1,مدينة ميراج,Mirage City,30.0716564,31.4353683,
1,حدائق القبة,Hadaiq el Qubbah,30.0821784,31.2825387,
1,كوبري القبة,Kubri el Kubbeh,30.0833009,31.3000582,
1,منشية البكرى,Manshiyet el Bakri,30.0819767,31.2997352,
1,الدمرداش,El Dimirdash,30.0650382,31.2992074,
1,العباسية,El Abbasiyah,30.066667,31.283333,
1,مدينة نصر,Nasr City,30.0521177,31.3422045,
1,باب الشعرية,Bab al Shariyah,30.05,31.25,
1,الجيوشى,El Giyushi,30.0370584,31.267138,
1,أثر النبي,El Sheikh Mubarak,30.0000755,31.2334638,
1,المنيل,Al Manyal,30.0209947,31.2255698,
1,برج الحدود,Burg al Hudud,30.083056,31.433056,
1,باب اللوق,Bab al Luq,30.0458315,31.239586,
1,السكاكيني,El Sakakini,30.0672856,31.2665717,
1,الأميرية,Amiriya,30.1000001,31.283333,
1,السكاكيني,Al Sakakini,30.0672856,31.2665717,
1,الأميرية,Amiriya,30.1,31.283333,
1,مصر الجديدة,Heliopolis,30.1005985,31.3329136,
1,الفاروقية,El Faroukiya,29.95,31.266667,
1,طرة,Tura,29.9345933,31.2807256,
1,معادي الخبيري,Ma‘adi Al Khahiri,29.9680141,31.2491432,
1,طرة الأسمنت,Tura al Asmant,29.931143,31.2935121,
1,حلوان,Helwan,29.8500001,31.333333,
1,ماي فير,May Fair,30.1304935,31.6070981,
1,شروق 2000,Shoruq 2000,30.1364066,31.6060927,
1,عين شمس الجديدة,New Heliopolis,30.1180968,31.6925603,
1,كايرو فستيفال سيتى,Cairo Festival City,30.032513,31.41296,
1,أحياء التجمع الخامس,Districts of El Tagamoa El Khames,30.0023841,31.4267324,
1,أحياء جنوب الأكاديمية,Ganoob El Akademeya Districts,30.0270747,31.4314871,
1,أحياء شرق الأكاديمية,Shark El Akademya Districts,30.0425366,31.4355795,
1,أحياء الياسمين,Yasmeen Districts,30.038078,31.450513,
1,أحياء البنفسج,Banafseg Districts,30.0538553,31.468095,
1,الرحاب,El Rehab,30.063584,31.4889939,
1,كمبوند القطامية هايتس,Katameya Heights Compound,29.9921014,31.4046293,
1,أحياء النرجس,Nargess Districts,30.012,31.4566971,
1,أحياء أبو الهول,Abo El Hol Districts,29.9891175,31.4743323,
1,التجمع الأول,El Tagamoa El Awal,30.0632671,31.4544799,
1,أكاديمية الشرطة,Police Academy,30.0457492,31.4199545,
1,حى الشويفات,El Showeifat District,30.0111266,31.4114003,
1,أحياء اللوتس,Lotus Districts,30.0272531,31.506564,
1,مدينة القطامية,El Qattameya City,29.976194,31.4046992,
1,كمبوند هايد بارك داماك,Compound Hyde Park Damac,29.9865446,31.552985,
1,حى الديبلوماسيين,Diplomaseyeen District,29.9935379,31.4407265,
1,كومباوند قطامية ديونز,Kattameya Dunes Compound,30.0014688,31.5198459,
1,التجمع الثالث,El Tagamoa El Talet,29.9829885,31.4287093,
1,مدخل شروق 2 الاسماعلية,Sherouk 2 Ismalia,30.1852137,31.6252683,
1,العاصمة الإدارية الجديدة,New Administrative Capital,30.023829,31.7549459,
1,القاهرة الجديدة,New Cairo,30.0277688,31.4756825,
1,المعادى,Maadi,29.9796486,31.2547696,
2,الجيزة,Giza,29.9870753,31.2118063,
2,السادس من أكتوبر,6th of October,29.9723458,30.9409205,
2,القرية الذكية,Smart Village,30.0719412,31.0185288,
2,أبو النمرس,Abu An Numrus,29.9543038,31.2208503,
2,شبرمنت,Shabramant,29.9407683,31.1901228,
2,البدرشين,El Badrashein,29.8513253,31.2744094,
2,إمبابة,Imbaba,30.088512,31.215927,
2,الدقى,Dokki,30.0388955,31.2125563,
2,العجوزة,El Agouza,30.0549435,31.2127281,
2,بولاق الدكرور,Bulaq Al-Dakrour,30.0338799,31.1910129,
2,منشأة البكاري,Minshat Al Bekari,30.0163974,31.1404936,
2,ناهيا,Nahia,30.0483495,31.1264174,
2,بشتيل البلد,Bashteel Al-Balad,30.086827,31.1858122,
2,كفر الحكيم,Kafr Hakim,30.0819253,31.118006,
2,منصورية,Mansuriya,30.136573,31.0747473,
2,برقاش,Birqash,30.168338,31.042303,
2,نكلة,Nekla,30.1751552,31.0499423,
2,الشيخ زايد,Sheikh Zayed,30.048347,30.9832235,
2,منيل شيحا,Manial Shiha,29.9529555,31.2395844,
2,غمازه الكبرى,Ghamaza Al-Kubra,29.7081962,31.2996952,
2,قبلية,Qiblya,29.7290678,31.3034717,
2,دهشور,Dahshur,29.751277,31.240815,
2,برنشت,Berenshet,29.692983,31.2480202,
2,تهما,Tahma,29.6306352,31.2349788,
2,بهما,Bahma,29.5891453,31.2378971,
2,الفهميين,Al-Fahmyyin,29.5967581,31.2890521,
2,سقارة,Saqqara,29.850335,31.228284,
2,المنوات,Al-Manawat,29.9214777,31.2447635,
2,طموه,Tomouh,29.9359084,31.2641613,
2,سقيل,Saqeel,30.1331347,31.1668408,
2,طناش,Tanaash,30.1251429,31.1926195,
2,القبابات,Al-Qobabat,29.4643452,31.2718725,
2,الكداية,Al-Kedaya,29.4504473,31.2380597,
2,كيت كات,Kit Kat,30.0729087,31.2138138,
2,ميت عقبة,Meet Oqba,30.060336,31.1939999,
2,بين السرايات,Been Al-Sarayat,30.0321499,31.2018679,
2,حي الأشجار,Al-Ashgar Suburb,29.9542049,31.0678606,
2,الحاجر,Al Hagir,30.2833097,30.9119089,
2,ساقية مكي,Saqiyat Makki,29.9958878,31.2116844,
2,كفرة نصار,Kafrat Nassar,30,31.133333,
2,كفر طهرمس,Kafr Tuhurmis,30.0211378,31.1752711,
2,نزلة بهجت,Nazlet Bahgat,30.033333,31.183333,
2,كوم الأخضر,Kom al Akhdar,29.983333,31.15,
2,كرداسة,Kirdasah,30.0315846,31.111881,
2,نزلة البطران,Nazlet al Batran,29.9673738,31.1496685,
2,المناشي,Al Manashi,30.1758274,31.1202689,
2,بهرمس,Baharmis,30.1667311,31.1082735,
2,كفر حجازي,Kafr Higazi,30.1999328,31.0638561,
2,سقيل,Siqeiz,30.1335832,31.1660654,
2,الواحات البحرية,Northern Oases,28.3550819,28.8972235,
2,جرزة,Girza,29.4448285,31.196449,
2,منية سلطان,Minyat Sultan,29.4211534,31.2320025,
2,غمازة الصغرى,Ghammaza al Sughra,29.6571427,31.3116206,
2,سكنات عرب العرائضة,Sakanat Arab al Araidah,29.6833423,31.3167153,
2,كفر طرخان الشرقي,Kafr Tarkhan al Sharqi,29.7191685,31.280368,
2,الشوبك الشرقى,El shobak el sharki,29.7475,31.284722,
2,بدسة,Bidsah,29.6781253,31.2538034,
2,الدناوية,Al Dinnawiya,29.7232682,31.2495548,
2,طهما و منشأة عبد السيد,Tahma,29.633333,31.233333,
2,الإخصاص القبلية,Al Ikhsas al Qibliyah,29.7065703,31.2861616,
2,وراق الحضر,Warraq al Hadar,30.100833,31.216111,
2,المهندسين,El Mohandesin,30.05,31.2,
2,البراجيل,Al Barajil,30.077176,31.1595818,
2,كوم بيرة,Kawm Birah,30.0793281,31.1279903,
2,حرة,Harra,28.333333,29.116667,
2,الشمباب,Al Shimbab,29.8286528,31.2539001,
2,أبو صير,Abu Sir,29.8888726,31.2193283,
2,أبو رجوان البحري,Abu Ragwan al Bahari,29.783333,31.266667,
2,نزلة الجبرية,Nazlet al Gabriya,29.7815037,31.2902788,
2,الشوبك الغربي,Al Shobak al Gharbi,29.7916546,31.275616,
2,المرازيق,Al Maraziq,29.8113518,31.2654656,
2,منشأة دهشور,Minshat Dahshur,29.7959331,31.2406635,
2,أبو رجوان القبلي,Abu Rajwan al Qibli,29.7683899,31.2643388,
2,غرد القطانية,Ghard al Qattaniyah,29.833333,30.283333,
2,أبو رجوان,Abu Ragwan,29.7741244,31.2697227,
2,حي الفردوس,Al Fardous City,29.9483173,31.0509883,
2,ابنى بيتك 5,Ebni Betak 5,29.9270129,31.0212367,
2,غرينلاند,Greenland,29.9830906,30.9992029,
2,الحي السابع,7th District,29.9831735,30.9425992,
2,كمبوند زايد 2000,Zayed 2000 Compound,30.0219741,30.9990495,
2,الياسمين,Jasmine,30.0519626,30.9969708,
2,الحى السادس,6th District,29.9435383,30.9091724,
2,الحى الثانى عشر,12th District,29.9531525,30.902821,
2,الجزيرة,El Gezira,30.0245634,30.9877483,
2,الحى الرابع,4th District,29.9538924,30.9272548,
2,حدائق السليمانية,El Solaymania Gardens,30.0215815,30.9922007,
2,الحى الأول,1st District,29.9709989,30.9539846,
2,تارا ريزيدنس,Tara Residence,30.0418766,31.0153371,
2,كومباوند الندى,El Nada Compound,30.0246937,31.0055799,
2,كونتيننتال غاردنز,Continental Gardens,30.0441857,30.9887053,
2,الحى الثالث,3rd District,29.9586327,30.9353618,
2,الحى العاشر,10th District,29.9645838,30.9207037,
2,رويال سيتى,Royal City,30.0371605,31.029123,
2,الحى الحادى عشر,11th District,29.9578691,30.9110371,
2,الحدائق الخضراء,Greenz Gardens,30.0348414,30.992617,
2,الحى الثانى,2nd District,29.9644593,30.9429339,
2,الحى التاسع,9th District,29.9702152,30.9281821,
2,الحى الثامن,8th District,29.9751262,30.9352695,
2,ابنى بيتك 3,Ebni Betak 3,29.9452695,31.0703371,
2,ميت عقبة,Meet Okba,30.0632012,31.1974505,
2,منشأة القناطر,Mansheyet Al-Qanater,30.1825003,31.1130931,
2,بئر المطار,Ber Elmatar,28.3857936,28.904778,
2,الحى الخامس,5th District,29.9493146,30.9173019,
2,ابنى بيتك 4,Ebni Betak 4,29.9154725,31.0400296,
2,ابنى بيتك 7,Ebni Betak 7,29.9342296,30.9955923,
2,غرود غرابى,Ghoroud Ghorabi,28.6318317,29.0003521,
2,مدينة الأنتاج الأعلامى,Media Production City,29.9654987,31.0140506,
2,أكتوبر هيلز,October Hills,30.0134406,30.9736653,
2,صول,Sowal,29.3495593,31.2404401,
2,زايد ديونز,Zayed Dunes,30.038401,30.9857565,
2,الكرمة 1,El Karma 1,30.0253835,30.998585,
2,الربوة,El Rabwa,30.0645509,30.987127,
2,بل فيل,Belleville,30.0395045,31.0173484,
2,مونلاند,Moon land,30.0379616,31.0189206,
2,الكرمة 2,El Karma 2,30.0436026,31.0022524,
2,المهندسين جاردنز,El Mohandesin Gardens,30.0277284,30.9946813,
2,ليجيندا,Legenda,30.0284661,31.0032003,
2,سما زايد,Sama Zayed,30.0215336,30.9844917,
2,لا فيل,La Ville,30.0289506,30.9852868,
2,جرين ريزيدنس 1,Green Residence 1,30.0281257,30.9882662,
2,زايد أوازيس 1,Zayed Oasis 1,30.0283522,30.986557,
2,زايد أوازيس 2,Zayed Oasis 2,30.0309398,30.9815975,
2,الجمان,Al Joman,30.0317824,30.9862109,
2,قرية جاردينيا بارك,Gardina Park valley,29.9766764,30.9918922,
2,كمبوند ريحانة,Rayhana Compound,29.9713556,30.9998682,
2,مساكن أبناء الجيزة,Ibna Al-Giza,29.9087083,30.940447,
2,الواحات البحرية,Northern Oases,28.3550819,28.8972235,
2,الشيخ زايد,Ash Sheikh Zayed,30.0453315,30.9797507,
2,ميت رهينة,Mit Rahinah,29.853765,31.2538075,
2,أبو غالب,Abū Ghālib,30.2709029,30.9399864,
3,الإسكندرية,Alexandria,31.1991806,29.8951716,
3,المعمورة الشاطىء,El Maamoura El Shati,31.2881187,30.0327724,
3,سيدي كرير,Sidi Krier,31.0162538,29.6354183,
3,عزبة محمد فريد,Izbat Muhammad Farid,30.8556741,29.6398622,
3,القاسمية,Al Qasimiyah,30.9604586,29.6125921,
3,بهيج,Bahij,30.932222,29.603889,
3,أبو زيرة,Abu Zeira,31.014305,29.637937,
3,المندرة,Al Mandarah,31.275,30.009167,
3,الوادي,Al Wadi,30.986667,29.755,
3,زاوية عبد القادر,Zawiyat Abd al Qadir,31.038056,29.826944,
3,مدينة مبارك,Madinat Mubarak,31.057778,29.837778,
3,المكس,Al Maks,31.1525,29.850278,
3,الدقهلية,Al Dikheila,31.133248,29.8199191,
3,قسم الجمرك,Qism al Gumruk,31.200556,29.883333,
3,القباري,Al Qabbari,31.175097,29.8787246,
3,عزبة وادي القمر,Ezbet Wadi al Qamar,31.1398162,29.8407774,
3,الورديان,Wardian,31.165556,29.873889,
3,الشاطبى,Shatby,31.2,29.916667,
3,الزاهرية,Al Dhahriya,31.23,29.970556,
3,إبراهيمية,Ibrahimiya,31.2122581,29.9246934,
3,عزبة نادي الصيد,Izbat Nadi al Sayd,31.1791965,29.9365482,
3,عزبة تل,Ezbet Tell,31.083333,29.983333,
3,كفرة طائل موسى,Kafrat Tail Musa,30.8782621,29.732176,
3,العوامة,Al Awwamah,30.898611,29.743333,
3,رحيم,Ruhayyim,30.889628,29.750459,
3,نجع حبون,Naj Habbun,30.938889,29.739722,
3,مصطفى كامل,Mustafa Kamil,30.924722,29.775833,
3,العراق,Al Iraq,30.913889,29.803611,
3,قرية التنمية,Qaryat al Tanmiyah,30.8609414,29.691535,
3,أحمد عرابي,Ahmad Urabi,30.9786479,29.8124329,
3,الهانوفيل,Al Hanuvil,31.111389,29.765,
3,برنجي مريوط,Bringi Maryut,31.0131617,29.8055358,
3,العجمي,Agami,31.140556,29.785278,
3,عزبة نوبار باشا,Izbat Nubar Basha,31.2024082,30.0268877,
3,فلسطين,Palestine,30.9387071,29.8073123,
3,البصرة,Al Basrah,30.8840665,29.7795031,
3,ميامي,Miami,31.2662126,29.9993706,
3,الشيخ مصطفى اسماعيل,Al Sheikh Moustafa Ismail,30.7885944,29.8034835,
3,برج العرب الجديدة,New Borj El Arab,30.8695204,29.6002667,
3,المركزية,Central Village,30.772262,29.6585763,
3,بغداد,Baghdad,30.8778788,29.80036,
3,الجزائر,Al Jazair,30.9443019,29.8370097,
3,اليمن,Al Yaman,30.902038,29.8322032,
3,العزة,Al Izzah,30.9459214,29.854605,
3,أبو سمبل,Abu Simbel,30.975248,29.8371427,
3,الظافر,Az Zafir,30.9072668,29.8927138,
3,ابو بكر الصديق,Abu Bakr Elsedik ,30.909141,29.7600668,
3,بغداد,Baghdad,30.8778788,29.80036,
3,العزة,Al Izzah,30.9459214,29.854605,
3,الجزائر,Al Jazair,30.9443019,29.8370097,
3,اليمن,Al Yaman,30.902038,29.8322032,
4,المنصورة,El Mansura,31.037566,31.38649,
4,سندوب,Sandub,31.0166782,31.3875202,
4,المعصرة,Al Masara,31.223889,31.313333,
4,بلقاس,Bilqas,31.213056,31.3575,
4,السماحية الكبرى,Al Samahiya al Kubra,31.239722,31.376944,
4,دندة,Dundet,30.688056,31.31,
4,ميت دمسيس و كفر أبو جرج,Mit Damsis wa Kafr Abu Girg,30.826111,31.2225,
4,صهرجت الصغرى و كفر السيد,Sahrajat al Sughra wa Kafr al Sayyid,30.805556,31.275,
4,كفر الجنينة البحري,Kafr al Gineina al Bahari,31.0821531,31.3020851,
4,أرمان طلخا,Urman Talkha,31.0775,31.375833,
4,البيضه,Al Beydah,30.945833,31.560833,
4,شبرا سندي,Shubra Shindi,30.879722,31.538056,
4,كفر الشرفاء,Kafr al Shurafa,30.861944,31.481111,
4,منشأة صالح,Minshat Salih,30.85,31.466667,
4,الكمال,Al Kamal,30.9539104,31.5048594,
4,الحصاينة,Al Hasayina,30.909167,31.504167,
4,كفر محمد الشناوي,Kafr Muhammad al Shinnawi,30.901944,31.478889,
4,الزهايرة,Al Zahayra,30.918889,31.469722,
4,كفر قنصوه,Kafr Qansoh,30.833333,31.483333,
4,عزبة أبو لبن,Izbat Abu Laban,30.891667,31.468056,
4,الزمار,Al Zammar,30.9740844,31.482573,
4,عزبة أبو عبدون,Izbat Abu Abdun,30.9627052,31.7045862,
4,ترعة جديدة,Tirat Jadidah,31.033333,31.618056,
4,كفر الكردي,Kafr al Kurdi,31.1678616,31.7661359,
4,ميت خضير,Mit Khudayr,31.1554523,31.8917835,
4,دماص,Damas,30.805278,31.326111,
4,كفر الزهايرة,Kafr al Zahayra,31.148105,31.5465605,
4,العزازنة,Al Azazna,31.118611,31.555556,
4,ديمشلت,Dimeshalt,31.1136979,31.5060572,
4,الاورمان,Al Urman,30.947222,31.401389,
4,جديلة,Gideila,31.059444,31.408611,
4,كفر بني سالم,Kafr Beni Salim,30.883333,31.416667,
4,شاوة,Shawah,31.0055502,31.4139517,
4,مناخلة,Already,31.133333,31.4,
4,كفر البدماص,Kafr al Badamas,31.0508525,31.3994897,
4,عزبة الروضة,Ezbet al Roda,31.183333,31.4,
4,ميت عاصم,Mit Asim,31.1273517,31.6985402,
4,ميت ضافر,Meet Dafer,31.0817345,31.5448383,
4,الجماليه,Al-Gamaleya,31.1805303,31.8641617,
4,ميت سلسيل,Meet Selseel,31.1685758,31.800991,
4,سمبو مقام,Sambo Maqam,30.7528819,31.3075097,
4,طحا المرج,Taha Al-Marg,30.7744298,31.3719069,
4,قريه القنان,Al-Qanan,30.8889276,31.5317641,
4,نبروه,Nabaroh,31.0949754,31.3035054,
4,نوب طريف,Noub,30.8951209,31.4358316,
4,الروضة,El Rauda,30.9028494,31.407419,
4,ميت غراب,Mit Ghorab,30.8987126,31.3887586,
4,شبراهور,Shubrahur,30.9224975,31.3980377,
4,ديرب بقطارس,Diyarb Buctaris,30.928783,31.3200417,
4,كفر ديرب بقطارس,Kafr Diyarb Buctaris,30.9291502,31.3082103,
4,عزبة العزب ابراهيم,Ezbet Eazab Ibrahim,30.8450036,31.4391836,
4,عزبة شعبان,Izbet Sha'ban,30.8550026,31.4262664,
4,طماي الزهايرة,Tamay Ez-Zahayra,30.9099557,31.4703526,
4,ميت غريطة,Meit Gharitah,30.9311606,31.4764655,
4,التمد الحجر,Al Tamd Al Hajar,30.9473819,31.4720824,
4,المخزن,Al Makhzan,30.9466642,31.452556,
4,المتوه,Al Matwah,30.954338,31.4526203,
4,كفر تلبانه,Kafr Tilbana,30.9600791,31.4516976,
4,منشية صبري ابو علم,Manshiyyat Sabri Abu Alam,30.9647316,31.4894139,
4,كفر الأمير عبدالله,Kafr Al-Amir Abd Allah,30.9412085,31.5101635,
4,طناح,Tanah,31.0358207,31.5536475,
4,عزبة فرج,Ezbet Farag,30.81075,31.5362384,
4,عزبة عزيزة,Ezbet Aziza,30.8107315,31.5347954,
4,جميزة بني عمرو,Gemizet Bni Omar,30.7994694,31.5358422,
4,الدنابيق,Al Danabeeq,31.0523384,31.4502157,
4,شاوة,Shawa,30.9977541,31.4121357,
4,ميت الكرماء,Mit Al Karma,31.0392043,31.3267284,
4,ميت القرشي,Mit Al Qurshi,30.6729833,31.3631172,
4,البلامون,Al Balamoun,30.8232795,31.4351092,
4,عزبه الشيخ سميط,Ezbet Al Sheikh Simeit,31.2125913,31.4959907,
4,ميت عنتر,Mit Antar,31.0789329,31.4020691,
4,البط,Al Butt,31.2056096,31.4861324,
4,بهبيت الحجارة,Behbeit ِEl Hagara,31.0299806,31.2864661,
4,إخطاب,Ikhtab,30.8421481,31.3126788,
4,جمصة,Gamasa,31.4388272,31.5442336,
4,دنجواي,Denjway,31.1882057,31.5489968,
4,شبراويش,Shabrwish,30.8754347,31.2549892,
4,ميت ابو خالد,Mit Abo KHales,30.6427675,31.3315148,
4,الستامونى,El Satamony,31.3446798,31.3662399,
4,برقين,Brkeen,30.8557222,31.5301212,
4,المقاطعه,El Mokataa,30.8936629,31.5610793,
4,بطره,Batrh,31.1668383,31.4544187,
4,كفر العرب,Kafr al Arab (Talkah),31.0197102,31.3094761,
4,ميت مرج سلسيل,Mit Merga Selsil,31.1753067,31.8401862,
4,الكفر,Al Kafr,31.1729608,31.828037,
4,ميت مرج,Mit Merga,31.1762763,31.8396728,
5,العاشر من رمضان,Al Ashr Men Ramadan,,,
5,منيا القمح,Minya Al Qamh,30.5119266,31.3465379,
5,بلبيس,Belbeis,,,
5,مشتول السوق,Mashtoul El Souq,,,
5,القنايات,Qenaiat,,,
5,أبو حماد,Abu Hammad,30.5354116,31.6769463,
5,القرين,El Qurain,,,
5,ههيا,Hehia,30.6696939,31.589479,
5,أبو كبير,Abu Kabir,30.72517,31.6708449,
5,فاقوس,Faccus,,,
5,الصالحية الجديدة,El Salihia El Gedida,,,
5,الإبراهيمية,Al Ibrahimiyah,,,
5,ديرب نجم,Deirb Negm,,,
5,كفر صقر,Kafr Saqr,30.7963883,31.6261136,
5,أولاد صقر,Awlad Saqr,30.0589572,31.4605254,
5,الحسينية,Husseiniya,30.5742672,31.5016432,
5,صان الحجر القبلية,san alhajar alqablia,,,
5,منشأة أبو عمر,Manshayat Abu Omar,,,
6,محلة الكبرى,El Mahalla El Kubra,30.9723517,31.1683002,
6,بلقينة,Bulqinah,30.948889,31.134167,
6,محلة أبو علي القنطرة,Mehallet Abu Ali,30.966667,31.2,
6,سندبسط,Sandabast,30.7055307,31.2467084,
6,الانبوطين,Baqlula,30.783056,31.0875,
6,سنباط,Sunbat,30.806667,31.205278,
6,كفر أبو داوود,Kafr Abu Daud,30.7489166,31.0199698,
6,كفر شيخ سليم,Kafr Elsheikh Sleem,30.7375,30.973056,
6,بابل,Babil,30.686944,30.997778,
6,ديا الكوم,Diya Al-Kom,30.637778,31.085556,
6,القضابة,Al Qoddaba,30.935833,30.789722,
6,صا الحجر,San al Hagar,30.964722,30.766667,
6,القصرية,Al Qasriyah,30.9875,31.206389,
6,محلة البرج,Mahallet al Burg,30.9829053,31.1668829,
6,عزبة طوخ,Ezbet Tukh,30.8190401,31.0773656,
6,أبو صير بنا,Abu Sir Bana,30.910278,31.244167,
6,الراهبين,Al Rahbein,30.9728977,31.2154705,
6,دمشيت,Damsheet,30.883333,31.033333,
6,كفر الصعائدة,Kafr al Saayidah,30.8444282,30.8789749,
6,عزبة الإصلاح,Ezbet Salih,30.8364262,30.9966648,
6,ميت السودان,Mit al Sudan,30.855278,30.983056,
6,بريك الحجر,Nawaj,30.866389,31.003889,
6,سبرباي,Sibirbai,30.820833,31.010278,
6,الجهرية,Al Guhariya,30.797778,30.963333,
6,منيل الهويشات,Manyal al Hiweishat,30.809444,30.928056,
6,محلة مرحوم,Mahlet Marhoum,30.7993863,30.9601054,
6,دفرة,Difrah,30.7265806,31.0245514,
6,طنطا,Tanta,30.7833666,30.9982536,
6,عزبة خضر,Ezbet Khedr,30.9697885,31.1509783,
6,عزبة ابو رابيه,Ezbet Abu Rabiah,30.864156,31.0352008,
6,الهياتم,Al Hiatem,30.9133466,31.1010056,
6,البنوان,Al Benwan,31.077704,31.0742784,
6,ميت هاشم,Mit Hashem,30.860521,31.1991054,
6,بلوس الهوى,Belous Al Hawa,30.707632,31.1046511,
6,العزبة القبلية,Al Izbah Al Qibliyyah,31.0701233,31.1567187,
7,شبين الكوم,Shibin El Kawm,30.5545106,31.0097923,
7,كفور الرمل,Kufur al Raml,30.5512375,31.179044,
7,ميت بيرة,Mit Bera,30.5414348,31.209465,
7,عزبة القسيس,Izbat al Qassis,30.4574694,31.1264917,
7,ورورة,Warwarah,30.4903232,31.1794743,
7,أبو نشابة,Abu Nushshabah,30.3693797,30.8536157,
7,حيط,Heit,30.383333,30.983333,
7,سرويحيط,Sirwihayt,30.4,30.983333,
7,كفر الطراينة,Kafr al Tarayna,30.3480557,30.8635127,
7,قلاطا الكبرى,Qalata al Kubra,30.369444,31.011389,
7,طبلوها,Tabluha,30.654722,30.958611,
7,مركز تلا,Markaz Tala,30.7,30.916667,
7,دنشواي,Dinshawai,30.6066707,30.8198742,
7,زاوية جروان,Zawiyat Garawan,30.442778,31.028333,
7,الخطاطبة,Al-Khatatba,30.3595172,30.8176582,
7,إسطنها,Istanha,30.4640956,31.1205838,
7,كفر هجرس,Kafr Hagras,30.3161488,30.9744997,
7,كفر أبو الحسن,Kafr Abou El-Hassan,30.5693728,31.0943564,
7,منشية سلطان,Manshiyet Sultan,30.5291624,30.9212679,
7,شما,Shamma,30.383333,30.916667,
7,عزبه الملك,Ezbet El Malik,30.4647606,30.9161885,
7,زاوية الناعورة,Zawiyat Al Naoura,30.5502872,30.9315696,
7,شنوان,Shanawan,30.5008954,31.0075556,
7,ابني بيتك,Ebni Baitak,30.3744695,30.5366821,
7,سدود,Sudud,30.4092551,30.8833462,
7,السادات,Sadat,30.3652517,30.5075715,
8,دمنهور,Damanhour,31.0374982,30.4710625,
8,كفر الدوار,Kafr El Dawar,31.133907,30.1291941,
8,رشيد,Rashid,31.4013811,30.418428,
8,إدكو,Edco,,,
8,أبو المطامير,Abu al-Matamir,30.9079349,30.1756385,
8,أبو حمص,Abu Homs,,,
8,الدلنجات,Delengat,,,
8,المحمودية,Mahmoudiyah,31.0240643,31.3707197,
8,الرحمانية,Rahmaniyah,31.1191015,30.6408953,
8,إيتاي البارود,Itai Baroud,,,
8,حوش عيسى,Housh Eissa,30.9096943,30.2965615,
8,شبراخيت,Shubrakhit,,,
8,كوم حمادة,Kom Hamada,30.7589146,30.7003479,
8,بدر,Badr,30.142806,31.742824,
8,وادي النطرون,Wadi Natrun,30.375186,30.3481582,
8,النوبارية الجديدة,New Nubaria,,,
8,النوبارية,Alnoubareya,,,
9,تيرة,Tirah,31.0908163,31.2432469,
9,دسوق,Dusuq,31.128233,30.646198,
9,خنوف البحري,Khannuf al Bahari,31.583333,31.033333,
9,عزبة الفوايد البحرية,Ezbet al Fawayid al Bahariya,31.4318317,31.3254366,
9,أولاد نصير,Aulad Nuseir,31.573889,31.050556,
9,الربع,Al Rub,31.572778,31.051667,
9,أولاد ضافر,Awlad Dafir,31.572222,31.042222,
9,بلوش,Bulush,31.592222,31.053056,
9,بلطيم,Baltim,31.554444,31.090278,
9,سوق التتات,Suq al Tatat,31.57,31.053611,
9,الشيخ مبارك,Al Sheikh Mubarik,31.590833,31.079444,
9,أولاد سلامة,Aulad Salama,31.576944,31.050556,
9,الفقهاء,Al Fuqaha,31.579722,31.045833,
9,كفر شلبي,Kafr Shalabi,31.558333,31.084167,
9,دمرو,Dimru,31.3409613,30.7998751,
9,عزبة رقم 56,Izbat Raqm 56,31.391389,30.963889,
9,عزبة سلام,Ezbet Salama,31.333333,30.933333,
9,عزبة رقم خمسين,Izbat Raqm 50,31.3725,30.997222,
9,عزبة الشراقوة القبلية,Izbat al Sharaqwah al Qibliyah,31.3380299,30.7707117,
9,عزبة علي نمر,Ezbet Ali Nimr,31.2647461,30.9094526,
9,عزبة دربالة,Izbat Dirbalah,31.2321055,30.933134,
9,عزبة أبو شبانة,Ezbet Abu Shabana,31.3,30.95,
9,عزبة أبو مصطفى,Izbat Abu Mustafa,31.301389,30.930833,
9,عزبة سعد أبو علي,Izbat Sad Abu Ali,31.2860576,30.9361515,
9,عزبة الرصيف,Izbat al Rasif,31.315,30.936111,
9,عزبة العشرية,Izbat al Ashriyah,31.247222,31.122222,
9,عزبة محمد الزاهد,Ezbet Muhammad al Zahid,31.25,31.1,
9,عزبة جرجس فايد,Ezbet Girgis Fayid,31.233333,31.116667,
9,كوم الحجنة,Kawm Al Hagna,31.166667,31.116667,
9,عزبة مشرقي,Izbat Mashriqi,31.276389,31.125,
9,عزبة أبو رفاعي,Izbat Abu Rifai,31.241667,31.163889,
9,درين,Dirin,31.0955342,31.2663943,
9,إبراهيم بركات,Ibrahim Barakat,31.133333,31.1,
9,عزبة النعناعى,Ezbet al Ninal,31,31,
9,شنو,Shinnu,31.06,30.9125,
9,كفر المشائخ,Kafr al Mashayikh,31.051667,30.905,
9,كفر الحمراوي,Kafr al Hamrawi,31.076667,30.940556,
9,كفر سليط,Kafr Sulayyit,31.083333,30.866667,
9,كفر أبو طبل,Kafr Abu Tabl,31.078056,30.945833,
9,عزبة الأطرش,Izbat al Atrash,31.021111,30.856944,
9,عزبة الطنطاوي,Izbat al Tantawi,31.029722,30.8125,
9,الكردي,Al Kurdi,31.0776424,30.8176062,
9,صروة,Sarawa,31.038889,30.836389,
9,كفر أبو نعيم,Kafr Abu Naim,31.016667,30.816667,
9,المنشأة الصغرى,Al Minshat al Sughra,31.080556,30.849722,
9,الكفر البحري,Al Kafr al Bahri,31.05,30.866667,
9,كفر يوسف داوود,Kafr Yusef Dawud,31.0996642,30.8192722,
9,منشأة شبراطو,Minshat Shubratu,31.0117311,30.8408972,
9,عزبة كفر أبو حطب,Izbat Kafr Abu Hatab,31.035278,30.816667,
9,الصافية وميت الحميد,Al Safya wa Mit al Hamid,31.0656493,30.7277587,
9,جماجمون,Gamgamun,31.1029536,30.6838348,
9,عزبة سليمان وهبة,Izbat Sulayman Wahbah,31.1243968,30.6898157,
9,كفر الجزائر,Kafr al Gazayir,31.069444,30.768333,
9,كفر المسلماني,Kafr al Mislimani,31.043611,30.773333,
9,شباس الشهداء,Shabas al Shuhada,31.0893108,30.7455042,
9,عزبة محي بك,Ezbet Mohy Bey,31.1467835,30.6649543,
9,عزبة الجنبية,Izbat al Janbiyah,31.1393885,30.7713466,
9,عزبة مفتاح,Izbat aMoftah,31.1499884,30.6525073,
9,كنيسة الصرادوسي,Kunayyisat al Saradusi,31.1727964,30.6881991,
9,شابة,Shaba,31.184722,30.772778,
9,دمرو سلمان,Dimru Salman,31.1704983,30.6820423,
9,عزبة عبد الكريم أبو رأس,Izbat Abd al Karim Abu Ras,31.1566926,30.7050839,
9,عزبة الفار,Izbat al Far,31.189167,30.662778,
9,عزبة البدالة,Izbat al Badala,31.1502656,30.6358142,
9,عزبة أبو مريكب,Izbat Abu Muraykib,31.1569999,30.7729141,
9,عزبة محمد عبد العالي,Ezbet Muhammad Abd al Ali,31.283333,31.166667,
9,عزبة جورج ناصيف,Ezbet George Nasif,31.283333,31.116667,
9,عزبة علي شاهين,Ezbet Ali Shahin,31.316667,31.15,
9,عزبة العبد,Ezbet al Abd,31.316667,31.116667,
9,الأوقاف,Al Awqaf,31.3,31.195833,
9,الكفر الشرقي,Al Kafr al Sharqi,31.280833,31.165278,
9,عزبة أبو شندي,Izbat Abu Shindi,31.308333,31.123611,
9,التعاون ثاني,Al Taawun Thani,31.379167,31.175,
9,تمباري,Tambari,31.359722,31.175,
9,عزبة الشحات,Ezbet al Shahhat,31.35,31.1,
9,عزبة محمد محمد,Ezbet Muhammad Mahmud,31.383333,31.116667,
9,الأبعادية,Al Abadiya,31.374444,31.117778,
9,الحمايدة,Al Hamayidah,31.3508422,30.7464051,
9,فقهاء القبلية,Fuqaha al Qibliya,31.2913554,30.6918327,
9,العباسي,Al Abbasi,31.2883495,30.7116162,
9,عزبة القن,Izbat al Qinn,31.2883218,30.7604974,
9,عزبة القن,Ezbet al Qunn,31.279217,30.7494196,
9,البناء,Al Banna,31.320556,31.131111,
9,عزبة عباس عبيدي,Izbat Abbas Ubaydi,31.2664778,30.8028753,
9,عزبة الباز,Izbat al Baz,31.1941368,30.7487112,
9,منشيه قبريط,manshyet Qebret,31.2305905,30.5888687,
9,عزبة السلقا,Izbat al Silqa,31.247778,30.5875,
9,قبريط,Qabrit,31.201389,30.585,
9,منية الأشراف,Minyat al Ashraf,31.201667,30.571389,
9,إبشان,Ibshan,31.1680573,31.1618029,
9,قرقورة,Qarqura,31.2368665,30.5737019,
9,كفر الشيخ,Kafr Al Sheikh,31.1089385,30.9426981,
9,القرضه,Al Qurda,31.1192226,30.9472146,
9,محلة دياي,Mahallat Diyay,31.0325271,30.7302189,
9,دمرو,Damru,31.0922442,31.1492112,
10,دمياط,Damietta,31.4167427,31.8213657,
10,دمياط الجديدة,New Damietta,31.4364503,31.678142,
10,عزبة البربير,Izbat al Barbir,31.393056,31.831944,
10,الرضى,Al Roda,31.3230468,31.7625174,
10,إبن حكيم,Ibn Hakim,31.414167,31.833611,
10,شط غيط النصارى,Shatt Ghayt an Nasara,31.413333,31.833889,
10,رأس البر,Al Bar Cape,31.5132392,31.8337309,
10,عزبة عبد القادر,Ezbet Abdelkader,31.441667,31.791667,
10,برمبال القديمة,Birimbal al Quadima,31.1620112,31.7363871,
10,الرياض,Mit al Qamas,31.166667,31.733333,
10,كفر الوسطاني,Kafr El Wastani,31.3620923,31.5735143,
10,عزبة البرج,Ezbet Elborg,,,
10,الشيخ ضرغام,El Shihk Dorgham,,,
10,الخياطة,El Khyata,,,
10,الزرقا,El Zarka,,,
10,كفر سعد,Kafr Saad,,,
10,فارسكور,Faraskor,,,
11,بورسعيد,Port Said,31.263235,32.305505,
11,بورفؤاد,Port Fuad,31.246623,32.320071,
11,فاروق,Farouk,31.259444,32.285278,
11,القبوطي,Kabouti,31.237778,32.281389,
11,سيريا,Syria,31.2665841,32.299937,
11,مساكن ٥٠٠٠,Housing 5000,31.2671907,32.2725899,
11,العرب,Alarab,30.4720312,31.1805505,
11,حى الزهور,Zohour,30.0187314,31.4904159,
11,حى الشرق,Alsharq,31.5090524,31.8304862,
11,حى الضواحى,Aldawahi,,,
11,حى المناخ,Almanakh,,,
11,حى مبارك,Mubarak,30.061851,31.2460174,
12,محطه توليدكهرباءابوسلطان,Abu Zeid Hasan,30.401944,32.308611,
12,عزاب أبو دمة,Ezab Abu Dema,30.5644678,32.2350611,
12,عزبة الهتايمة,Ezbet al Hasaima,30.582222,32.169722,
12,الإسماعيلية,Al Ismailiya,30.6043775,32.2770825,
12,القنطرة غرب,Qantara West,30.8550945,32.3096054,
12,القنطرة شرق,Qantara East,30.8636259,32.3251656,
12,فايد,Fayed,30.3284806,32.3007771,
12,فيلا جنيدق الشامى,Villa Junaid Shami,30.5494407,32.2947729,
12,التل الكبير,El Tal El Kabier,,,
12,أبو صوير,Abu Sawir,,,
12,القصاصين الجديدة,Kasasien El Gedida,,,
12,نفيشة,Nefesha,,,
12,الشيخ زايد,Sheikh Zayed,30.048347,30.9832235,
13,السويس,Suez,29.974498,32.537086,
13,الأدبية,Al Adabiyah,29.9007515,32.4569409,
13,القلزم,Al Qulzum,29.9635966,32.5501968,
13,عزبة تل الحجاج,Izbat Tall al Hajaj,29.984167,32.545278,
13,الفجالة,Al Faggala,29.983333,32.55,
13,بسطة العجرود,Bastat al Ajrud,30.0758618,32.4054446,
13,محمد العسكري,Muhammad al Askari,30.0570102,32.5469376,
13,أبوسيال,Abu Sial,30.0907629,32.5507303,
13,الشلوفة,Al Shalufa,30.053677,32.5585453,
13,قرية مارينا وادى دجلة,Marina Wadi Degla Resort,29.7269415,32.3696221,
13,ريزورت وفندق ليتل فنيس,Little Venice Golf Resort and Hotel,29.7292076,32.3720608,
13,قرية العين باى,El Ain Bay Resort,29.7352828,32.3767546,
13,قرية ساند بيتش,Sand Beach,29.7536398,32.4059246,
13,العين السخنة,Ain Sokhna,29.6396099,32.3057406,
13,السويس الجديدة,New Suez,29.7690506,32.3746331,
13,الجناين,Alganayen,,,
13,عتاقة,Ataqah,29.7453813,32.4039264,
13,العين السخنة,Ain Sokhna,29.6396099,32.3057406,
13,فيصل,Faysal,,,
13,عرب المعمل,Arab El maaml,,,
14,مطر طارس,Matir Faris,29.3635717,30.9041808,
14,منشأة سنورس,Minshat Sinurus,29.4845764,30.82268,
14,سنورس,Sinnuris,29.4136604,30.8680479,
14,العجميين,Al-Agamyeen,29.3388835,30.7208465,
14,سنرو القبليه,Sinru Al-Qebleya,29.361926,30.7548354,
14,ابوجنشو,Abu Genshu,29.3717655,30.6551876,
14,ابوكساح,Abu Ksah,29.385412,30.7064269,
14,قارون,Qarun,29.4081458,30.4109966,
14,الشواشنه,Al-Shawashna,29.3740436,30.6078933,
14,الصبيحي,Al-Sebehy,29.3936383,30.5265258,
14,أطسا,Itsa,29.2405098,30.8002018,
14,البرمكي,Al-Baramky,29.2734714,30.8131933,
14,دسية,Desya,29.2947291,30.7677101,
14,عتامنة المزارعه,Atamet Al-Mozaraa,29.2785624,30.733036,
14,قلمشاة,Qalamshah,29.1618516,30.8420394,
14,الغرق,Al-Gharaq,29.1357683,30.6930389,
14,منشأة فيصل,Minshat Feisal,29.216667,30.7,
14,عزبة سعداوي,Ezbet Sidawi,29.1842425,30.6837375,
14,عزبة محمود ديهوم,Izbat Mahmud Dayhum,29.2157357,30.6539173,
14,منية الحيط,Minyat al Hayt,29.2231492,30.7447546,
14,نوارة,Nawwarah,29.236944,30.709167,
14,عزبة بولاد,Ezbet Bulad,29.25,30.716667,
14,عزبة العشيري,Izbat al Ashiri,29.2372325,30.6434638,
14,عزبة كريم,Ezbet Kuraiyim,29.2518435,30.627126,
14,الحسينية,Al Huseiniya,29.2409582,30.6646934,
14,عزبة الونائسة,Al Wanaysa,29.2572878,30.6544115,
14,أبو جندير,Abu Gandir,29.2400199,30.6807482,
14,عزبة الوابور المستجدة,Izbat al Wabur al Mustajiddah,29.1785903,30.7433975,
14,أبهيت الحجر,Abhit al Hagar,29.421375,30.8428057,
14,عزبة عبد النبي حسين,Izbat Abd an Nabi Husayn,29.3466181,30.8864954,
14,بيهمو,Biyahmu,29.368056,30.851667,
14,فيديمين,Fidimin,29.3811456,30.7784327,
14,عزبة القصر,Izbat al Qasr,29.4986367,30.9066532,
14,عزبة محمد عبادة البحرية,Ezbet Muhammad Abada al Bahariya,29.5129679,30.93187,
14,عزبة حنا نخلة,Izbat Hanna Nakhlah,29.5111505,30.9467673,
14,تامية,Tamiya,29.480178,30.963532,
14,الروضه,Al Roda,29.443889,30.996667,
14,خلاء محمد,Khala Muhammad,29.5009881,30.8646234,
14,سنهور,Sanhur,29.4100107,30.7614382,
14,هوارة المقطع,Hauwaret al Maqta,29.2568997,30.8982174,
14,أبجيج,Abgig,29.286117,30.815168,
14,المندرة,Al Mandarah,29.3282548,30.808508,
14,الفيوم,Faiyum,29.3074076,30.8399651,
14,منشأة فتيح,Minshaat Futayh,29.3172056,30.8071849,
14,السنباط,Al-Sumbat,29.325833,30.777778,
14,مطول,Mutul,29.2673807,30.7537011,
14,عزبة حلفة,Izbat Halfah,29.2622595,30.7633744,
14,كفر الزعفران,Kafr al Zafarani,29.2638487,30.7922503,
14,دير العزب,Deir al Azab,29.263333,30.851944,
14,الجعافرة,Al Gaafra,29.2287354,30.7766127,
14,الغابة,Al Ghaba,29.243056,30.757778,
14,أتمنى الجعافرة,Atamna al Gaafra,29.2369356,30.7863004,
14,معجون,Magun,29.2076674,30.751579,
14,عزبة أحمد باشا,Izbat Ahmad Basha,29.1844038,30.8395776,
14,أبو صير دفنو,Abu Sir Difinnu,29.254946,30.808469,
14,الصوافنة,Al Sawafna,29.2515256,30.8024653,
14,تطون,Tutun,29.1493574,30.7781754,
14,عزبة سلام,Izbat Salam,29.1286765,30.7779279,
14,الغرق,Gharaq,29.1375,30.699722,
14,عزبة أحمد عبد الحميد,Izbat Ahmad Abd al Hamid,29.0954804,30.6952823,
14,عزبة الجراي,Izbat al Jiray,29.1083265,30.7050318,
14,عزبة الشال,Izbat al Shal,29.1432254,30.6246248,
14,عزبة علي عيسى,Ezbet Ali Isa,29.0997279,30.6827101,
14,عزبة الخمسين,Izbat al Khamsin,29.0987005,30.6739887,
14,كفر الشيخ أحمد الجبلاوي,Kafr al Gebalami,29.318889,30.719444,
14,كحك البحرية,Kahk North,29.4145418,30.6297831,
14,الرواشدية,Al-Rawashidiyah,29.396667,30.614167,
14,قصر الجبالي,Qasr al Gibali,29.333056,30.6327781,
14,الخزان,Al Khazzan,29.3531647,30.6015235,
14,عزبة سيد أفندي,Izbat Sayyid Afandi,29.332222,30.611944,
14,النزلة,En Nazla,29.304082,30.6514032,
14,طبهار,Tubhar,29.3107607,30.7055546,
14,عزبة أحمد ذو الفقار,Izbat Ahmad Dhu al Faqar,29.2801241,30.6058894,
14,عزبة مهنى الخوري,Izbat Mihanna al Khuri,29.1741545,30.837563,
14,عزبة السعدة,Izbat al Sidah,29.1772386,30.8004008,
14,عزبة سعد حسن,Izbat Sad Hasan,29.1483861,30.7974751,
14,الواية شكشك,Al-Wayet Shakshuk,29.4623253,30.7058915,
14,قصر الصاغة,Qasr al Sagha,29.595351,30.6777957,
14,عزبة محمد يوسف,Izbat Muhammad Yusif,29.454722,30.785278,
14,بطن إهريت,Theodelphia,29.3472983,30.5877029,
14,عزبة حنا حريب,Ezbet Hanna Harib,29.3210798,30.5679892,
14,بطرس سعد,Peter Sad,29.3500234,30.5836495,
14,بوريش الغربية,Burish Western,29.4087974,30.5417535,
14,غرود صمويل,Ghoroud Samuel,28.9916724,30.4351223,
14,غرود المناقير البحرية,Ghoroud El Manaqir El Baharia,29.1171867,30.1974019,
14,عزبة ربيع سلطان,Izbet Rabie Sultan,29.4979686,30.8616345,
14,مضرب العفاريت,Madrab El Afarit,29.4445944,30.3969212,
14,حاتم الطائي,Hatem Et Taei,29.3492102,30.4426057,
14,عزبة شرف الدين,Ezbet Sharaf Ad Dean,29.4121891,30.7056853,
14,عزبة جبر,Ezbet Gabr,29.3543208,30.6957801,
14,الرواشديه,Al Rawashdiyya,29.316915,30.8432518,
14,عزبة حنس,Ezbet Hanas,29.4300633,30.8840893,
14,عزبة ابو سكين,Ezbet Abu Sikkin,29.3456922,30.7034547,
14,تونس,Tunis,29.3982958,30.4924342,
14,دار السلام,Dar Es Salam,29.4562089,30.3841174,
14,يوسف الصديق,Joesph The Trustful,29.4433017,30.3827825,
14,سنورس,Sinurus,29.5015002,30.8394518,
14,منشأة طنطاوى,Minshat Tantaui,29.4893814,30.8251208,
15,ميدوم,Meidoum,29.3729622,31.1713734,
15,المصلوب,Al-Masloub,29.320621,31.1978865,
15,قمن العروس,Qomn Al-Arous,29.3030781,31.1689701,
15,أبو صير الملق,Abu Seer Al-Malaq,29.2511503,31.093173,
15,ببا,Biba,28.9214178,30.985374,
15,الفشن,Fashn,28.8232566,30.8995433,
15,اللاهون,Lahun,29.2095096,30.9795402,
15,جفدن,Gafadun,28.8279815,30.8033889,
15,البرقي,Al Barqi,28.7667554,30.8359186,
15,شرهي,Sharahi,29.1080297,30.9670628,
15,سدمنت الجبل,Sidmant al Jabal,29.141667,30.901389,
15,إدراسية,Idrasya,29.1103285,30.9036049,
15,النويرة,Al Nuweira,29.1030947,30.9798166,
15,أشمنت,Achmant,29.2060056,31.1822447,
15,أبو صالح,Abu Salih,29.188436,31.1995421,
15,الزيتون,Al Zaitun,29.1797446,31.1542228,
15,جزيرة النور,Geziret al Nur,29.363889,31.213611,
15,الواسطى,Al-Wasitah,29.337778,31.205556,
15,جزيرة المساعدة,Geziret al Masada,29.3444365,31.2126941,
15,الحيبة الشرقي,Al Hiba al Sharqi,28.774356,30.9232524,
15,نزلة الذئب,Nazlet al Dib,28.9122784,30.8820967,
15,سدس الأمراء,Suds Alomaraa,28.9047681,30.9370775,
15,بني محمد رشد,Beni Muhammad Rashid,28.9291435,30.823173,
15,دشاشة,Dishasha,28.983889,30.846944,
15,رزقة المشارقة,Rizqet al Masharqa,28.9183452,30.9462938,
15,قريه الفلاحين,Qabilat al Rimah,28.966667,30.816667,
15,منشأة أبو مليح,Minshat Abu Malih,28.9636409,30.9049765,
15,كوم الصعايدة,Kawm al Saaydah,28.8871806,30.9136816,
15,نزلة الزاوية,Nazlat al Zawiyah,28.8922145,30.8947984,
15,بني مؤمنة,Beni Mumina,28.9845305,30.9032101,
15,جزيرة الفقاعي,Jazirat al Fuqqai,28.8880594,30.9373596,
15,القصبة,Sumusta,28.9217077,30.8554361,
15,الفقاعي,Al Fuqqai,28.9271878,30.8945628,
15,كوم العصارة,Kom al Assara,29.0956436,30.9205669,
15,بني سويف,Beni Suef,29.0729812,31.0982562,
15,تل أبو ناروز,Tall Abu Naruz,29.0510673,31.0972298,
15,بني سليمان الشرقية,Beni Suliman al Sharqiya,29.0316762,31.0804927,
15,تزمنت الزواية,Tizmant elsharqia,29.0540319,31.0604101,
15,قمبش الهمرة,Qumbush al Hamra,28.9966175,30.9809737,
15,قلة,Qillah,29.045278,30.9842943,
15,المسيد الأبيض,Al Masid al Abyad,29.0620642,30.9888555,
15,بني بخيت,Bani Bakhit,29.1055496,31.0434211,
15,طوة,Tuwa,29.0304913,30.9826538,
15,الشوبك,Al Shobak,29.0354766,30.9654205,
15,طنا بني مالو,Tansa Beni Malu,29.008333,31.016667,
15,عزبة عبد الوهاب,Izbat Abd al Wahhab,29.0895641,30.9951819,
15,بوش,Bush,29.149539,31.1272347,
15,بني موسى,Beni Musa,29.137357,31.0516544,
15,أبو شربن,Abu Shurban,28.9624767,30.9509527,
15,الشناوية,Al Shanawiya,29.141667,31.1444439,
15,إهناسية المدينة,Ihnasya al Madinah,29.087316,30.944062,
15,بني خليل,Bani Khalil,28.9511847,31.0140993,
15,الحوم,Al Homa,29.3387219,31.16537,
15,دلاص,Dalas,29.1862762,31.1330158,
15,بني سويف الجديدة,New Bani Sweif,29.0320603,31.1067656,
15,مازوره,mazorah,28.8874773,30.8075977,
15,دشطوط,Dashtut,28.9822367,30.8727367,
15,الفنت,Al Fant,28.7536981,30.8781441,
15,دنديل,Dandil,29.1640389,31.0354295,
15,الرياض,Ar Riyaḑ,29.2162324,31.1532318,
15,إبشنا,Ebshana,29.144996,31.0500803,
15,بياض العرب,Bayad Al Arab,29.062044,31.1289719,
15,باروط,Barut El Qamar,29.0579302,31.0226407,
15,معصرة ابوصير,Maasarat Abu Sir,29.2651712,31.0856833,
15,نجع الجبالي,Nagaa Al Jebali,28.8265204,30.8283126,
16,مغاغة,Maghagha,28.6461831,30.8408123,
16,بنى مزار,Beni Mazar,28.4962396,30.802898,
16,مطاى,Matai,28.4176905,30.7861579,
16,سمالوط,Samalut,28.3109569,30.7103816,
16,سوادة,Sawadah,28.079167,30.7875,
16,طهنشا,Tahnasha,28.0302423,30.7504738,
16,المنيا,Al Minya,28.0893325,30.7570623,
16,كفر الفيالة,Kafr al Fayala,27.943945,30.7181218,
16,تلة,Tallah,28.079364,30.7262488,
16,بلة المستجدة,Billah al Mustajiddah,28.4757059,30.6699672,
16,نزلة مصير,Nazlet Museir,28.4867957,30.6653323,
16,الرودة,Al Roda,27.8003229,30.8609387,
16,دير أبو حنس,Dayr Abu Hinnis,27.7875,30.903056,
16,الشيخ عبادة,Al Sheikh Ibada,27.8059794,30.8740705,
16,الحسانية,Al Hisaniyah,27.920254,30.7372575,
16,بني حسن,Bani Hassan,27.906389,30.861389,
16,تونة الجبل,Tuna al Gabal,27.775,30.740278,
16,الأشمونين,Hermupolis,27.775556,30.803333,
16,العرين قبلي,Al Arin Qibli,27.7555183,30.7530491,
16,مكين,Makein,27.8630873,30.8290307,
16,دير البرشا,Dayr al Barsha,27.755278,30.904722,
16,ديروط أم نخلة,Dairut Umm Nakhla,27.7350007,30.762839,
16,ساقية موسى,Saqyet Musa,27.8671965,30.8146205,
16,منشأة المغالقة,Minshat al Maghaliqah,27.7427444,30.7874935,
16,المعصرة,Al Masarah,27.7053765,30.8693921,
16,سنجرج,Singirg,27.7018826,30.796562,
16,ملوي,Mallawi,27.731944,30.8411109,
16,أم قمص,Umm Qummus,27.7169542,30.7962262,
16,بني خلد,Beni Khalid,27.8404032,30.739575,
16,دروة,Dirwa,27.7219951,30.744381,
16,دلجاء,Dalga‘a,27.643427,30.699619,
16,تندة,Tandah,27.67949,30.7744698,
16,نجع محمد حريدي,Naj Muhammad Haridi,27.6462935,30.7664524,
16,البدرمان,Al Badraman,27.66577,30.7420257,
16,الحاج قنديل,Al Hagg Qandil,27.629444,30.878333,
16,دير مواس,Deir Mawas,27.6417998,30.8517509,
16,أبو قرقاص,Abu Qurqas,27.930588,30.8377108,
16,النحال,An Nahhal,27.9470222,30.7642938,
16,دمشير,Damshir,28.1487101,30.6998357,
16,نزلة العمودين,Nazlet al Amudein,28.2267441,30.6989824,
16,طاحا الأعمدة,Taha al Amidah,28.191667,30.698611,
16,كوم اللوفي,Kom al Lufi,28.2585092,30.7042057,
16,أشروبة,Ashruba,28.5170447,30.7118508,
16,إبشاق الغزال,Ibshaq al Ghazal,28.4789611,30.7464767,
16,أبو جرج,Abu Girg,28.5351421,30.7900425,
16,منشأة بكير,Minshat Bakir,28.5002247,30.7497898,
16,القيس,Al Qeis,28.4787233,30.7845518,
16,المودة,Al Mawadda,28.5365754,30.8012016,
16,بني سامط,Beni Samit,28.5091022,30.8337628,
16,كفور الصولية,Al Kufur,28.4453928,30.8095238,
16,الشيخ فضل,Al Shaykh Fadl,28.4886114,30.8445336,
16,العصيات,Al Asiyat,28.466667,30.865278,
16,إشنين النصارى,Ishnin al Nasara,28.6125,30.772222,
16,الكوم الأخضر,Green Kawm,28.6751123,30.8211134,
16,دهروط,Dahrut,28.6079574,30.8028307,
16,بلهاسة,Bilhasah,28.6746229,30.8065638,
16,كفر مهدي,Kafr Mahdi,28.6833142,30.7694136,
16,نزلة بلهاسة,Nazlat Bilhasah,28.6690882,30.8147186,
16,بني ولمس,Bani Wallams,28.5960495,30.6923483,
16,نزلة البرقي,Nazlet al Barqi,28.7494488,30.8284514,
16,ملاطية,Malatiyah,28.7060959,30.8600371,
16,تل العمارنة,Tel Al Amarna,27.659703,30.9039095,
16,منبال,Minbal,28.4092182,30.6816378,
16,الشيخ حسن,Al Shaykh Hasan,28.4117754,30.8327026,
16,عزبة الخربانة,Kharba,28.316667,30.75,
16,السررية,El Siririya,28.324167,30.766389,
16,معصرة سمالوط,Masaret Samalut,28.316667,30.716667,
16,الروبى,Al rouby,28.3267234,30.6301596,
16,داقوف,Daquf,28.3935898,30.6441305,
16,شوشة,Shushah,28.3023484,30.6618039,
16,البيهو,Al Bayahu,28.2638019,30.7324425,
16,المنيا الجديدة,New Al Minya,28.090786,30.8126461,
16,بردنوها,Bardanoha,28.4385743,30.7326718,
16,هور,Hor,27.8578933,30.7285487,
16,بنى عبيد تحياتى,Bany Eebid,27.9525548,30.7814633,
16,جريس,Gerges,27.9152083,30.759791,
16,بلنصوره,Balansurah,27.921505,30.698465,
16,البربا,Birba,27.9446316,30.739535,
16,منتوت,Mantut,27.9117952,30.7470023,
16,قرية الازهرى,Karyat ElAzhary,28.6976846,30.7787128,
16,بني حسن الشروق,Bani Hassan El Shuruq,27.9000347,30.852238,
16,عزبة القمادير,Ezbet Al Qamadir,28.2534927,30.6643601,
16,العور,Al Awar,28.6533252,30.819118,
16,الجرنوس,Al Garnus,28.5924171,30.71958,
16,شاهين,Shahin,28.0558649,30.6945251,
16,أبا الوقف,Aba El Waqf,28.5853161,30.8141306,
16,العباسية الجديدة,New Al Abbasiya,28.586377,30.7717075,
16,مدينة ملوي الجديدة,New Mallawi City,27.7589356,30.6878343,
17,بني زيد,Beni Zeid,27.2220156,31.1498511,
17,أبنوب,Abnub,27.269181,31.151736,
17,معدبة,Madaba,27.3375103,31.02368,
17,القوصية,Al Qusiya,27.4390218,30.8161641,
17,منفلوط,Manfalut,27.3114314,30.9722043,
17,ام القصور,Um el Qusur,27.3896494,30.894785,
17,أبو تيج,Abu Tig,27.0432988,31.3196407,
17,النخيلة,El Nikhela,27.0197509,31.3445316,
17,صدفا,Sidfa,26.9656025,31.3795505,
17,اولاد الياس,Awlad Ilyas,26.9346928,31.4046129,
17,كوم سعيد الغربي,Kawm Said al Gharbi,26.9167722,31.3501931,
17,الشنائنة,Al Shanayna,26.911389,31.378333,
17,العزائزة,Al Azayza,26.908611,31.338333,
17,المشايعة,Al Mashayah,26.9115522,31.3106566,
17,العقال بحري,Al Iqal North,26.980833,31.441944,
17,نزلة العجاجي,Nazlat Al Ajjaji,27,31.416667,
17,نزلة أبو كعبة,Nazlet Abu Kaba,27.0500095,31.2833127,
17,الزاوية,Al Zawya,27.0552875,31.2283127,
17,قرقارص,Qirgaris,27.1354501,31.2694254,
17,نزلة باقور,Nazlet Baqur,27.1042826,31.3008819,
17,النازلة,Al Nazla,27.0691765,31.2302577,
17,بصرة,Bisrah,27.1719206,31.2588642,
17,الغريب,Al Ghurayyeb,27.1356073,31.3209221,
17,بني مر,Beni Murr,27.2238762,31.1953573,
17,نجع عرب مطير,Naj Arab Mitayr,27.023611,31.430556,
17,العفدرة,Al Afadra,27.033333,31.366667,
17,نزلة الشيخ شحاتة,Nazlet Sheikh Shihata,27.05,31.366667,
17,المدابغ,Al Modabigh,27.1675953,31.1519945,
17,شارع الجيش منزل شعبان مرعي عمر,Jimris,27.316667,30.983333,
17,المسعودي,Al Masudi,27.016667,31.3,
17,نزلة عنان,Nazlat Inan,27.066667,31.333333,
17,بني محمديات,Beni Muhammadiyat,27.2815227,31.0768883,
17,سلام,Sallam,27.2315469,31.1127663,
17,الوعاضلة,Al Waadilah,26.923889,31.416389,
17,نزلة محمد أحمد,Nazlet Muhammad Ahmad,26.916667,31.4,
17,بني فيز,Beni Feiz,26.960556,31.390278,
17,زمام البارود و أولاد إلياس,Zimamal Awlad Elias,26.9308796,31.4003025,
17,البارود الشرقي,Al Barud al Sharqi,26.933333,31.416667,
17,نزلة المغربي,Nazlet al Mughrebi,26.95,31.416667,
17,البارود الغربي,Awlad Elias,26.9340753,31.3998818,
17,الزيارة,Al Zayarah,27.0333425,31.2666467,
17,بني سميع,Bani Sami,27.0402875,31.2749797,
17,البلائزة,Al Balayza,27.0327875,31.2455357,
17,نجع الشيخ حسن أبو صابر,Naj al Shaykh Hasan Abu Sabir,27.6021336,30.8025728,
17,نجع أبو كريم,Abu Kurayyim,27.6,30.7,
17,القرية بالدوير,Al Qaryah bi al Duwayr,26.845278,31.345833,
17,الأغانة,Al Aghana,26.854722,31.338611,
17,العقال قبلي,Al Iqal South,26.944722,31.457778,
17,البربا,Al Birba,26.898889,31.373611,
17,نزلة العضائمة,Nazlat al Adaimah,26.8979149,31.3217072,
17,نزلة الكلابية,Nazlet al Kallabiya,26.876889,31.3278891,
17,العثمانية,Al Osmaniya,26.9,31.516667,
17,النواورة,En Nawaura,26.8535836,31.5246329,
17,نزلة مصبح,Nazlat Musbih,26.966667,31.433333,
17,الفاروقية,Al Faruqiyah,26.9816377,31.4491082,
17,نزلة الكواستة,Nazlat al Kawasitah,26.9850438,31.4498778,
17,البياضية,Al Bayyadiyah,26.95,31.45,
17,مسرع,Masra,27.2284856,31.0294741,
17,الحوطا,Al Hawata,27.5857788,30.8496953,
17,ديروط,Dairut,27.558611,30.807778,
17,دوير عايد,Duwayr Ayid,26.9625,31.352222,
17,الزرابي,Al Zarabi,26.981111,31.270278,
17,دكيران,Dikiran,26.97,31.276944,
17,كوم إسفحت,Kawm Isfaht,26.9375,31.326389,
17,دير أبو مقروفة,Dayr Abu Maqrufah,26.942222,31.303611,
17,جرف سرحان,Sarhan Cliff,27.5972661,30.8433462,
17,ديروط الشريف,Dayrut al-Sharif,27.5838017,30.8160091,
17,شلش,Shalash,27.5598375,30.8303857,
17,الناصرية,An Nāşirīyah,27.2061092,31.1984274,
17,المطمر,El Matmar,27.1060129,31.3296571,
17,المطيعة,Al Muti'ah,27.1371373,31.3014617,
17,أسيوط الجديدة,New Asyut,27.2693562,31.2972204,
17,أسيوط,Asyut,27.1832822,31.1853836,
17,البداري,Al Badari,26.9922209,31.4151649,
17,منشأة همام,Minshat Hammam,27.0196673,31.3711237,
17,الغنايم,El Ghanayem,26.8736378,31.3270632,
17,كوم سعدة,Kawm Sa'deh,26.9963956,31.4264513,
17,الكوم الأحمر,Red Kawm,27.0065043,31.4283215,
17,النواميس,An Nawamis,27.0196757,31.3984954,
17,التناغة,At Tanagha,27.0275128,31.3893115,
17,بويط,Buwait,27.0375975,31.3940552,
17,ساحل سليم,Sahel Silim,27.0628996,31.3424495,
17,الكداريك,El Kadarik,26.990016,31.4245445,
17,السنطة البيضاء,White Acacia,27.0063762,31.4017922,
17,سحارة أبو شمس,Abu Shams’ Siphon,27.010168,31.3962745,
17,رزقة الدير المحرق,Rizqat Al Muharraq Monastry,27.2407931,31.1053746,
17,سليمان سيد,Solomon Sayed,27.0204609,31.3631467,
17,كردوس,Kardus,26.9781085,31.4118365,
17,صنبو,Sunbo,27.5017124,30.8046448,
17,نجع العيساويه,Nagaa Al Eisawiyah,27.2510195,31.0475242,
17,اللوقا,Al Luqa,27.0871392,31.3306637,
17,أولاد سراج \ عرب العطيات القبلية,Srraje Sons \ Southern Arab Al Atyyat,27.1796815,31.2424871,
17,أولاد على حسن و محمود حسن,Ali Hassan & Mahmud Hassan Sons,27.0175527,31.3769702,
17,العونة,Al Ouana,27.0856506,31.3390153,
17,الفيماء,Al Fayama’a,27.2234166,31.2362428,
17,على عبد الدايم,Ali Abd Ad Daeim,27.1257877,31.3220965,
18,جرجا,Jirja,26.337437,31.8911758,
18,طما,Tima,26.905611,31.435855,
18,طهطا,Tahta,26.7676025,31.4955936,
18,المراغة,Maragha,26.6993785,31.6039119,
18,المنشاة,Al-Manshah,26.4761397,31.803105,
18,البندار,Al-Bindar,26.3677984,31.8450961,
18,البياضي,Al Bayadi,26.3527261,31.8910909,
18,نجع المشايخ,Nag al Mashaikh,26.333333,31.933333,
18,باصونة,Basunah,26.666667,31.6,
18,الصوالح,Al Sawalih,26.766667,31.433333,
18,نزلة حامد,Nazlat Hamid,26.783333,31.433333,
18,نزلة مسلم,Nazlat Musallam,26.7837087,31.3999333,
18,نزلة الشيخ حماد,Nazlet al Sheikh Hammad,26.7827236,31.3997023,
18,الصفيحة,Al Sufayhah,26.791944,31.404167,
18,الحريزات الغربية,Al Hurayzat al Gharbiyah,26.4567269,31.7674054,
18,الرويهب,Al Ruwayhib,26.4825683,31.7475631,
18,المحامدة,Alsalaa,26.4925851,31.7229357,
18,بندار الشرقية,Bindar al Sharqiya,26.3706008,31.8460444,
18,المساعيد,Al Masaid,26.3663892,31.8010755,
18,الحسنة,Al Hasana,26.8982969,31.4039482,
18,سليم الغربية,Silim West,26.8515811,31.4142057,
18,الحديقه,Al Hadiqa,26.8625,31.391389,
18,كوم إشقاو,Aphroditopolis,26.843333,31.42,
18,الهيشة,Al Hishah,26.866667,31.45,
18,العزبة المستجدة,New Hamlet,26.856944,31.449722,
18,الأربعين,Al Arbiin,26.883333,31.433333,
18,نجع الجزيرة,Naj al Jazirah,26.928056,31.441944,
18,المواطين,Al Mawatin,26.8703332,31.3938678,
18,قاو غرب,Qau West,26.900556,31.466389,
18,الحماء,Al Hima,26.916667,31.45,
18,نزلة الأشراف,Nazlat al Ashraf,26.866667,31.466667,
18,كوم الحامض,Acid Kawm,26.8267088,31.4232239,
18,نزلة عمران خميس,Nazlet Imran Khamis,26.833333,31.366667,
18,نزلة الغرفة,Nazlet al Ghurfa,26.8,31.4,
18,نزلة أبو مغيزل,Nazlat Abu Mughayzil,26.8,31.416667,
18,نزلة منصور,Nazlet Mansur,26.816667,31.416667,
18,الحريدية القبلية,Al Hiridiya al Qibliya,26.768889,31.461389,
18,نزلة أبو رأس,Nazlat Abu Ras,26.75,31.45,
18,جزيرة الذهب,Geziret al Dahab,26.733333,31.583333,
18,شطورة,Shattura,26.8325,31.490278,
18,القبيصات,Al Qibeisat,26.756389,31.464444,
18,القرية,Al Qiraiya,26.7,31.516667,
18,الواقات,Al Waqat,26.8375,31.465278,
18,المراغة,Al Maragha,26.7,31.6,
18,فزارة بالقرية,Fazara bil Qiraiya,26.7,31.533333,
18,الهرافشة,Al Harafsha,26.7164237,31.4755687,
18,الخزندارية,Al Khazandariyah,26.783333,31.533333,
18,عنيبس,Ineibis,26.725,31.499167,
18,عرب بخواج,Arab Bikhwag,26.8,31.483333,
18,بنجا,Banga,26.801389,31.470833,
18,بني عمار,Bani Ammar,26.733557,31.51526,
18,السلموني,Al Salamuni,26.6134723,31.7705382,
18,كوم بدار,Kawm Baddar,26.4541554,31.7305043,
18,اخميم,Akhmim,26.562663,31.743443,
18,سوهاج,Suhaj,26.547748,31.699263,
18,الكوله,El kawala,26.369244,31.8743582,
18,اولاد غازي,Awlad Ghazy,26.3727335,31.8334401,
18,نجع رمضان بندار,Nagaa Ramadan,26.3681286,31.8460526,
18,بندار الرملية,Bendar Ar Ramleyah,26.360974,31.8504624,
18,الشيخ يوسف,Sheikh Youssef,26.3579858,31.8327707,
18,نجع خليفة,Nagaa Khlifa,26.3516229,31.8360299,
18,نجع كمالي,Nagaa Kamaly,26.3647761,31.8767153,
18,القرية,Al Qareyah,26.3603619,31.8835106,
18,نجع السبيل,Nagaa Elsabil,26.3687652,31.8633796,
18,بندار الغربية,Nagaa Elgharbia,26.3632376,31.8464352,
18,اولاد جبارة,Awlad Gabara,26.3872699,31.8265718,
18,العسيرات,El Esayrat,26.3961227,31.8215201,
18,العقوبية,Al Aqubiyah,26.3837529,31.8194999,
18,الرشايدة,Ar Rashaydah,26.3858074,31.8146866,
18,عزبة نظيف,Ezbet Nazif,26.2786179,31.9436851,
18,شندويل البلد,Shandawil Al Balad,26.6660244,31.6236332,
18,نجع مخيمر,Nagaa Mkhaimar,26.7118086,31.5296055,
18,المعيصره,Al Maaisra,26.2828635,31.9703523,
18,الريانة,Er Rayyana,26.8901721,31.4031315,
18,نجع النجار,Naj En Najjar,26.5799249,31.6531307,
18,الأخيضر,Al Akhaidir,26.6898421,31.5823675,
18,المجابرة,El Magabra,26.2935192,31.8877312,
19,قنا,Qena,26.1593097,32.7162855,
19,البلينا,Balyana,26.2332974,32.0019946,
19,فرشوط,Farshut,26.0542345,32.1649013,
19,نجع حمادي,Nag Hammadi,26.0489911,32.2416339,
19,دشنا,Dishna,26.119088,32.463076,
19,الوقف,Waqf,26.085228,32.4237666,
19,قفـط,Qift,25.998703,32.816013,
19,قوص,Qus,25.915666,32.762969,
19,نجع الجزية,Nag al Gaziyarea,26.1846825,32.6673268,
19,الحراجية,Al Hiragiya,25.9433819,32.7764644,
19,الزوائدة,Al Zawaida,25.9841026,32.7717868,
19,نجع الزقيم محافظة عبد الله,Nag al Zuqeim Mohammed Abd Alla,25.983333,32.833333,
19,نقادة,Naqada,25.902087,32.724654,
19,المعري,Al Maarri,25.8799163,32.7812489,
19,الشعراني,Al Sharani,25.8955725,32.7434395,
19,أبنود,Abnud,26.0509803,32.7886534,
19,شنهور,Shanhūr,25.8605711,32.7778808,
19,فاو قبلي,Fau Qibli,26.110556,32.401389,
19,الطويرات,At Twairat,26.0991619,32.7512632,
19,السلامية الحائط,Al Salamiyah al Hait,26.069722,32.283056,
19,ابوتشت,abutisht,26.116667,32.1,
19,المفرجية,Al Mifarragiya,25.8310231,32.7749625,
19,العيايشة,Al Ayaysha,25.8218687,32.77846,
19,العقب,Al Uqab,25.80391,32.7932237,
19,الحله,Al-Halla,25.9066553,32.7395381,
19,الشيخية,Al-Sheikheya,25.9704097,32.7908402,
19,الحجيرات,Al Hijirat,26.1586354,32.5612475,
19,قرية الخطارة,Khatara Village,25.9209151,32.7292528,
19,قرية المحارزة,Al Maharza Village,26.1735461,32.1146642,
19,عزبة الألفي,Ezbet El Alfy,26.0949943,32.3820522,
19,العسيرات,El Usayrat,26.0595394,32.1601796,
19,عزبة قناوي,Ezbet Qenawy,26.0509118,32.3084465,
19,قرية الخيام,Al Khaiyam Village,26.2034118,32.0499484,
19,نجع طايع,Nagaa Taie,26.2073198,32.1289593,
19,عزبه الفتاتحه,Ezbet Al Fatattha,26.1067856,32.162776,
19,الخوالد,Al Khawaled,26.16815,32.0244658,
20,الجزيرة الوسطى,Al-Gezira,25.7074411,32.6321229,
20,قرنة الجديدة,New Qurna,25.7147184,32.6248344,
20,إسنا,Esna,25.2936689,32.5531993,
20,الشراونة البحرية,Al Sharawna al Bahari,25.2315771,32.6556657,
20,الزينية بحري,Az Zayniya North,25.7592913,32.6931011,
20,السعائدة,Al Saaida,25.7753392,32.7164788,
20,نجع بشلاي,Nag Bishlaw,25.8,32.733333,
20,الزينية قبلي,Az Zayniya South,25.7499252,32.6783345,
20,نجع المدامود,Naj al Madamud,25.7216479,32.707654,
20,عزبة أبو حبشي,Ezbet Abu Habashi,25.75,32.65,
20,القرنة,Al Qurna,25.716667,32.6,
20,العساسيف,al-Asāsīf,25.733333,32.616667,
20,عزبة الحاجة دوة,Izbat al Hajjah Duwah,25.7008141,32.6320032,
20,العقالطة,Al Aqalitah,25.683333,32.616667,
20,نجع الخطبة,Naj al Khutbah,25.6897364,32.6336291,
20,جزيرة العوامية,Jazirat al Awamiya,25.683333,32.633333,
20,نجع البرج,Naj al Burj,25.4291486,32.5028697,
20,نجع إبراهيم غريب,Nag Ibrahim Ghuraiyib,25.45682,32.4916586,
20,المعلة,Al Mialla,25.475,32.516111,
20,نجع بويل,Naj Buwayl,25.3210628,32.5091673,
20,أرمنت الوابورات,Armant Al-Waburat,25.6045562,32.4988005,
20,طود,Tod,25.583701,32.531244,
20,المريس,Al Maris,25.616667,32.566667,
20,أرمنت غرب,Armant Gharb,25.6189068,32.5437921,
20,نجع إبراهيم حسب ربه,Nag Ibrahim Hasab Rabbu,25.633333,32.666667,
20,الأقصر,Luxor,25.702096,32.647186,
20,طيبة الجديدة,New Thebes,25.7329051,32.7658152,
21,كوم أمبو,Kawm Ombo,24.4762478,32.9495225,
21,دراو,Daraw,24.407994,32.924674,
21,سلوى بحرى,Silwa North,24.7342471,32.9436609,
21,فارس,Faris,24.6144485,32.9038355,
21,دابود,Dabud,24.5705872,32.9481241,
21,منيحة,Maniha,24.4814126,32.885811,
21,أقليت,Iqlit,24.5279599,32.9009172,
21,مدينة صحارى,Sahara City,23.9770041,32.8471443,
21,قسطل,Qustul,22.2520936,31.6046907,
21,أبو سمبل,Abu Simbel,22.366667,31.633333,
21,سبوة,Sebua,22.75,32.566667,
21,نجع الغلالاب,Nag Al-Ghalalab,24.133333,32.8833331,
21,أسوان,Syena,24.0875,32.898889,
21,أدندان,Adindan,24.3956852,32.9756769,
21,الرغامة,Al Raghamah,24.5478421,32.9136222,
21,نجع السيد سعيد الجديد,Nag al Saiyid Said al Gedid,24.7001987,32.9413713,
21,الرمادي بحري,Al Ramadi Bahri,24.8736854,32.8620978,
21,الردسية قبلي,Er Ridisiya South,24.9081846,32.8846438,
21,إدفو,Idfu,24.980278,32.8747219,
21,الشراونة القبلية,Al Sharauna,25.2228421,32.6754147,
21,المحاميد,Al-Mahamid,25.136111,32.780556,
21,الشلال,Shellal,24.05,32.883333,
21,الرقبة,Al Raqaba,24.4050558,32.8889788,
21,نجع العبابدة,Nag al Ababda,24.4413767,32.8801933,
21,نجع الشطب الكبير,Naj al Shatb al Kabir,24.4455136,32.9433849,
21,رزق الله,Rizqalla,23.8686702,32.8987643,
21,أسوان,Aswan,24.091071,32.897306,
21,نجع الكرور,Nagaa Al-Korour,24.0430322,32.8730373,
21,غرب سهيل,West of Suhail,24.0576824,32.860194,
21,شاش,Shash,24.0368853,32.8840484,
21,قوطي,Koti,24.0869028,32.886543,
21,أسوان الجديدة,New Aswan,24.1939267,32.8447189,
21,عزبة النجار,Izbat an Nadjjar,24.4604295,32.9431016,
21,الخطارة,Al Khattara,24.2051332,32.8771484,
21,نجع ابو ابنى,Nagaa Abu Ebny,24.8128391,32.8850337,
21,الكاجوج,Al Kajuj,24.6650374,32.9519559,
21,السبوع الجديدة,New Sebua,22.7963849,32.5451946,
22,الواحات الخارجة,Al Kharja Oases,25.4522583,30.5416007,
22,موط,Mut,25.4894682,28.9865889,
22,باريس,Baris,24.673692,30.605118,
22,اللواء صبيح,Al-Lewa Sobeih,27.0634149,27.8761115,
22,أبو منقار,Abu Minqar,26.506222,27.662008,
22,عزبة الجاجا,Ezbet el Gaga,24.7979027,30.5890137,
22,عزبة الماكس القبلي,Ezbet el Maks el Qibli,24.5559708,30.6087547,
22,عزبة الماكس البحري,Ezbet el Maks el Bahari,24.5885989,30.5909019,
22,القلمون,Al Qalamun,25.5523231,28.9082827,
22,بلاط,Balat,25.5615048,29.262811,
22,تنيدة,Tanaydah,25.5135673,29.3426415,
22,نجع الهبيل,Nag al Hibeil,26.1543906,32.6213138,
22,نزلة عمارة,Nazlat Imarah,26.799444,31.364444,
22,نجع التوالب,Nag al Tawalib,26.75,31.383333,
22,الجبيرات,Al Jubayrat,26.749167,31.416111,
22,كوم نايل,Kom Nayil,26.783333,31.383333,
22,الهجارسة,Alkawamel bahari,26.466667,31.683333,
22,نجع السراورة,Naj al Sarawirah,26.3167408,31.7826441,
22,بيت الخريبي,Bayt al Khuraybi,26.3113488,31.7993984,
22,الكرنك,Al Karnak,26.069167,32.081944,
22,عزبة ناصر,Ezbet Nasser,25.2539223,30.5295374,
22,جناح,Ginah,25.328546,30.529667,
22,الكوامل قبلي,Al Kawamil Qibli,26.45,30.7,
22,الكوامل قبلي,Al Kawamil Qibli,26.433333,31.183333,
22,عين دلة,Ain Dalla,27.319037,27.3354286,
22,نزلة خاطر,Nazlet Khatir,26.782778,31.373056,
22,نزلة السوق,Nazlet al Suq,26.8313811,31.348543,
22,أم دومة قبلي,Doma's Mother South,26.8188229,31.360015,
22,نزلة سعيد,Nazlat Said,26.8135171,31.3585376,
22,نجع العزالي,Nag Ghazali,26.65,31.516667,
22,نجع أبو ليلة,Naj Abu Laylah,26.733889,31.428056,
22,نزة,Nazzah,26.698611,31.479167,
22,جهينة,Giheina,26.674444,31.491667,
22,فزارة بالقرية,Fazarah bil Qaryah,26.683333,31.516667,
22,الزوك الغربية,Al Zawak al Gharbiyah,26.4333467,31.7236343,
22,المنيره,Al-Munira,25.6182832,30.6507165,
22,عزبة طليب,Ezbet Toleib,25.6920115,30.6331288,
22,بور سعيد,Port Said,25.339001,30.5528138,
22,واحة الفرافرة,Al Farafra Oasis,27.0587735,27.9683598,
22,الواحات الداخلة,El Dakhla Oases,25.5120622,29.2581601,
22,الطوابية,At Tawabeyah,26.1411846,32.5849754,
22,البشندي,El-Bashandi,25.5495622,29.2997364,
22,المعصرة,"al-Ma'sara, el-Dakhla",25.5105534,29.0565772,
22,إسمنت,Ismant,25.5264716,29.0686798,
22,بني منصور,Bani Mansour,26.1961274,31.9068538,
22,نجع الحجر,Nagaa Al Hagar,26.1451089,32.5962464,
22,نجع الضبع,Nagaa Al Daba'a,26.6220656,31.5626419,
22,سوهاج الجديدة,New Suhaj,26.4480431,31.6649431,
22,دندره,Dendera,26.1689935,32.6571134,
23,مرسى مطروح,Marsa Matruh,31.3528567,27.2395262,
23,السلوم,As Sallum,31.5516178,25.1542126,
23,واحة سيوة,Siwa Oasis,29.2034664,25.5192273,
23,أبو تمر,Abu Tamr,31.1826669,27.5201325,
23,زاوية عبد المنعم,Zawiyat Abd al Munim,31.083333,28.433333,
23,الضبعة,Ad Daba‘a,31.028943,28.4443762,
23,العلمين,El Alamein,30.833944,28.949268,
23,دوار حسن,Dauwar Hasan,30.8351939,29.5176111,
23,غرد المشروكة,Ghard al Mashruka,30.183333,29.65,
23,زاوية نوح,Zawia Etnooh,31.1705373,27.6649538,
23,زاوية الهبابية,Zauyet Al Habbabiya,30.9142059,29.5671703,
23,فوكة,Fukah,31.0733101,27.9177768,
23,غرد الحنيشات,Ghard al Hineishat,30.116667,29.783333,
23,كفرة صابر,Kafret Saber,31.4326785,26.9640599,
23,كفرة التوارسة,Kafret al Tawarsa,31.45,26.4,
23,المكتيلة,Al Maktilah,31.5599237,26.1985117,
23,عزبة ملول,Izbat Mallul,29.2128945,25.5369186,
23,الهمرة,Al Hamra,29.35,25.383333,
23,قارة أم الصغير,Qaret Um El Saghir,29.6216,26.4974578,
23,منقار أبو طرطور,Minqar Abu Turtur,30.333333,27.65,
23,منقار ظهر الحمار,Minqar Zahr al Himar,30.383333,27.916667,
23,قارة الفرس,Qaret al Faras,30.0051897,27.8055831,
23,أبو الغراديق,Abu Gharadic,29.916667,28,
23,غرود قبلي أبو غرادق,Ghurud Abu Gharadiq,29.833333,28.166667,
23,غرد الرماك,Ghard al Rammak,29.504023,29.3365371,
23,غرد الكلب,Ghard al Kalb,29.6,29.6,
23,غرد مبارك,Ghard Mubarak,29.6672824,29.1860122,
23,دوار شندي فنوش,Dawwar Shindi Fannush,30.916667,29.45,
23,زاوية السنسية,Zawyet al Sinusiya,30.9179016,29.442574,
23,دوار عبد العاطي أبو العجوز,Dauwar Abd al Ati Abu al Aguz,30.85,29.283333,
23,سيدى عبد الرحمن,Sidi Abdel Rahman,30.9651527,28.7432522,
23,قارة الإدد,Qaret al Ided,29.9232872,28.9064367,
23,محدرة,Madara,31.3496243,27.2332364,
23,سيدي البراني,Sidi Barrani,31.6112866,25.9258465,
23,زاوية أم الرخم,Zawyet Umm El Rakham,31.3954253,27.045038,
23,جلال,Jalal,31.0372983,28.1818414,
23,بهي الدين,Bahy El deen,29.2670266,25.3247348,
23,برج العرب,Borj El Arab,30.9003276,29.5512815,
23,أبو سنان,Abu Sinan,29.6308738,28.7115079,
23,أبو الغراديق,Abu Al Gharadiq,29.7922921,28.5533426,
23,أبو حجاج,Abu Hajjaj,31.134022,27.8346553,
24,نخل,Nekhel,29.9114539,33.7459874,
24,بئر قطية,Qatia Well,30.9542879,32.7457497,
24,بئر العبد,Bir al Abd,31.018138,33.0116944,
24,أبو طويلة,Abu Toweela,31.208889,34.152222,
24,الشيخ زويد,Ash Sheikh Zuwayyed,31.2127686,34.1107742,
24,أبو عويقيلة أبو عجيلة,Abu Uwayqilah,30.841111,34.1225,
24,الحسنة,El Hassana,30.465278,33.781667,
24,القصيمة,Al Qusaima,30.6672492,34.3672554,
24,وادي الحجايب,Wadi al Higaiyib,30.462729,33.1456677,
24,بغداد,Baghdad,30.665833,33.7227779,
24,قرية التلول,Qaryat al Tilul,31.0523616,33.2233601,
24,منجم الصفات,Manjam al Safat,30.6789736,33.3283755,
24,قرية الرضة,Qaryat al Radah,31.0410056,33.3500257,
24,الطاسة,Al Tasah,30.5560628,32.6276071,
24,قرية الجدي,Al-Jady Village,30.177316,33.025589,
24,العريش,El Arish,31.123641,33.7983521,
24,الجورة,El Gorah,31.1280848,34.1624747,
24,المغارة,Al Maghara,30.6597484,33.7137505,
24,أبو عويقيلة,Abu Aweigila,30.8434955,34.1179083,
24,بخيت الجرابعة,Bakhit Jerabah,30.9982703,34.2366037,
24,الثمد,El-Thamad,29.6730181,34.3048622,
24,الكنتلا,Al Kuntillah,30.0033014,34.6831488,
24,عوجة الحفير,Auja al-Hafir,30.8832083,34.3733314,
24,سلمانة,Salmana,31.032647,33.0960337,
24,المطلة,Al-Matla,31.2264237,34.1626579,
25,دهب,Dahab,28.4963633,34.5145652,
25,عصلة,Assalah,28.5050301,34.5141469,
25,خليج نعامة,Neama Bay,27.9132571,34.3266603,
25,خليج نبق,Nabq Bay,28.0424658,34.4336718,
25,شرم القديمة,Old Sharm,27.8612753,34.2985104,
25,رأس سدر,Sudr Cape,29.593487,32.718536,
25,شرم الشيخ,Sharm El Sheikh,27.8644422,34.295447,
25,هضبة,Hadaba,27.8517577,34.3046262,
25,مشربة,Mashraba,28.4916646,34.5146204,
25,فرش الرمانة,Farsh El Rommanah,28.540908,33.8814396,
25,خليج القرش,Shark's Bay,27.9511526,34.3811647,
25,بئر المالحة,Bir al Malha,29.4182337,33.4839798,
25,أبو رديس,Abu Rudays,28.9036109,33.1875,
25,رأس نصراني,Ras Nasrani,27.9647214,34.4160882,
25,نبق,Nabq,28.0897031,34.4288087,
25,الطور,At Tur,28.241667,33.623611,
25,أبو زنيمة,Abu Zenima,29.051163,33.104062,
25,الشيخ عواد,Al Shaykh Awwad,28.6408524,33.8904358,
25,طابا,Taba,29.492821,34.892366,
25,نويبع,Nueiba,29.035,34.661667,
25,نويبع المزينة,Nuweiba al Muzeinah,28.9675,34.649722,
25,طابا هايتس,Taba Heights,29.3899951,34.7995267,
25,حدائق الخليج,Garden Bay,27.918927,34.354954,
25,دومينا كورال باي,Domina Coral Bay,27.9277625,34.3653856,
25,البرج,Tower,27.8845942,34.3247131,
25,قبر النبى صالح,Al Nabi Saleh Mausoleum,28.6328633,33.9955202,
25,إيكولج الكرم,Al Karm Ecolodge,28.6498087,33.8972425,
25,القديسة كاترين,Saint Catherine,28.5675077,33.9535607,
25,فرش إلياس,Farsh Elias,28.5443483,33.9750142,
25,إيكولج جبل سينا,Mont Sina Ecolodge,28.520259,33.9930509,
25,قرية الطرفة,El Tarfa Village,28.6943058,33.9383428,
25,رحيبة ندا,ReHeibet Nada,28.5341085,33.9105844,
26,الغردقة,Hurghada,27.222556,33.8307062,
26,الجونة,El Gouna,27.3989266,33.6741556,
26,مرسى علم,Marsa Alam,25.069992,34.893817,
26,القصير,El Quseir,26.104836,34.279764,
26,سفاجا,Safaga,26.7633325,33.9383817,
26,بور غالب,Port Ghalib,25.531711,34.633762,
26,شلاتين,Shalatin,23.1061832,35.5639423,
26,سفاجا,Safaga,26.7633325,33.9383817,
26,القصير,El Qusiar,,,
26,رأس غارب,Gharib Cape,28.359444,33.077778,
27,بنها,Banha,30.4624974,31.184063,
27,قها,Qaha,30.280632,31.206051,
27,طوخ,Tukh,30.3540508,31.200979,
27,قليوب,Qalyub,30.178875,31.206436,
27,العبور,Al-Obour,30.1914,31.450548,
27,بلقس,Balaqs,30.1770721,31.2811174,
27,ميت حلفا,Mit Halfa,30.1605243,31.2373436,
27,ميت نما,Mit Nama,30.1457317,31.2351206,
27,كوم اشفين,Kom Eshfin,30.1802133,31.2565364,
27,سندوة,Sindawa,30.248521,31.3113825,
27,نوى,Nawa,30.2283474,31.2634115,
27,شبين القناطر,Shebin el Qanater,30.3125348,31.317601,
27,الدير الطيبه,Deir,30.3354724,31.2743853,
27,ميت كنانه,Meat Kenanh,30.3844859,31.2588711,
27,طنان,Tanan,30.2431119,31.2458249,
27,سنديون,Sindiyun,30.2465227,31.2070294,
27,ابو زعبل البلد,Abu Zaabal A-Balad,30.2492546,31.3531244,
27,طحا نوب,Taha Noub,30.2795391,31.2961856,
27,كفر طحا,Kafr Tahha,30.268933,31.2994901,
27,البرادعة,Al-Baradaa,30.2334124,31.1509904,
27,المنيرة,Al-Munira,30.2445352,31.1231813,
27,أجهور الكبرى,Aghour Al-Kubra,30.299241,31.1491022,
27,أجهور الصغرى,Aghour Al-Sughra,30.2679631,31.1412057,
27,قرنفيل,Oronfeel,30.2780443,31.1611185,
27,كفرشبين,Kafr Shebin,30.2961285,31.3047987,
27,المريج,Al-Mareeg,30.2866421,31.3168067,
27,مسطرد,Musturud,30.1308831,31.2948719,
27,بهتيم,Bahteem,30.1389642,31.2655197,
27,عرب التربة,Arab al Tirba,30.3,31.366667,
27,عرب الصوالحة,Arab al Sawalihah,30.2989773,31.3527647,
27,منشأة شبرا حارس,Minshat Shubra Haris,30.3110881,31.205568,
27,مجول,Mugul,30.391944,31.1725,
27,نصف أتريب,Nisf Atrib,30.466667,31.183333,
27,كفر شكر القديم,Kafr Shukr,30.5478299,31.2594426,
27,رملة,Ramleh,30.440278,31.155278,
27,مشتهر طوخ بنها,Mushtohor,30.351944,31.226111,
27,كفر مناقر,Kafr Manaqir,30.45,31.183333,
27,طوخ,Kom Alatroun,30.348333,31.158056,
27,مركز طوخ,Markaz Tukh,30.333333,31.166667,
27,منصورة نامول,Mansuret Namul,30.3271717,31.2478195,
27,السيفا,As-Siyafa,30.313056,31.114722,
27,العطارة,Al Attara,30.2360389,31.2998453,
27,كفر عبيان,Kafr Ibyan,30.25,31.35,
27,الخصوص,Al Khusus,30.1597348,31.314222,
27,عرب العليقات البحرية,Arab al Aliqat al Bahriyah,30.2827663,31.3464749,
27,القناطر الخيرية,Al Qanatir al Khairiya,30.1966159,31.133908,
27,الأخميين,Al Akhmiyin,30.1690804,31.1704049,
27,بجام,Bigam,30.136944,31.244167,
27,باسوس,Basus,30.1407773,31.2097247,
27,باسوس,Basus,30.1407772,31.2097246,
27,شبرا الخيمة,Shubra al Khayma,30.1285988,31.242218,
27,المعاجيني,Al Maagini,30.4246176,31.217256,
27,السلام,The Peace,30.1984547,31.3705648,
27,عرب الغديري,Arab Al Ghudairy,30.3425432,31.2909201,
